,danceability,energy,key,loudness,mode,speechiness,acousticness,instrumentalness,liveness,valence,tempo,song name,artist,cluster
0,1.665490572510647,-0.40319358689745644,-1.0712293497196521,0.1648185637020323,0.7177405625652733,3.1988013071317503,-0.720132523991901,-0.33205740525356137,2.492561281031355,0.9275300480337265,-0.9392948100853329,Popular (with Playboi Carti & Madonna) - From The Idol Vol. 1 (Music from the HBO Original Series),Madonna,2
1,-0.14890164992887897,0.6977359168208127,0.03313080463050474,0.5361790578011406,0.7177405625652733,-0.3762970054509902,0.28745720117852225,-0.3324644990622482,0.0513595112181633,-1.4103065607998633,-0.3140496897743248,Like a Prayer,Madonna,2
2,0.8652564482032579,1.2809664277191821,-0.7951393111321129,0.678828644423338,0.7177405625652733,0.30013894576855826,-0.9183282231116223,-0.2883967530448423,0.4458219923160267,0.6054811274290994,-0.21060534064164466,4 Minutes (feat. Justin Timberlake & Timbaland),Madonna,2
3,0.12840720502912745,-0.6980854182505646,0.03313080463050474,-2.2437194980264694,0.7177405625652733,-0.34943492796573744,1.0847962206256776,-0.3321355215382236,-0.015624683685247503,-1.1558481543962071,-0.267843159578238,Like a Prayer,Madonna,0
4,0.041252993470896865,-0.5801286857093213,1.1374909589806617,-0.4108884456685429,-1.3932610920384718,-0.19070447009833438,-0.9469944592869844,0.6898985712938327,-0.7851986562422109,-0.8337992337915799,0.41349502329063204,Hung Up,Madonna,2
5,0.7781022366450273,0.9664151409425334,-1.3473193883071914,1.2694686683714433,0.7177405625652733,-0.49107133652434326,0.6244278582067844,-0.33255144312216894,-0.5782919208738977,1.4443986860411528,1.0111619217503731,Material Girl,Madonna,1
6,0.77017912650337,1.025393507213155,-1.3473193883071914,1.6042825741623854,0.7177405625652733,-0.5374694703625073,-0.17765722683231838,-0.3205959045275551,-0.7130045795129794,1.44837459864121,1.0058023805226732,Material Girl - 2024 Remaster,Madonna,1
7,-2.5892195735593333,-0.8488079098310422,-0.7951393111321129,-1.3453807789676746,-1.3932610920384718,-0.290826758907004,-0.2725785386712655,-0.3321609252080325,-0.7211915366678405,-1.974886150007975,-0.05533474818092102,Like a Prayer - Battle Royale Mix from “Deadpool & Wolverine”,Madonna,0
8,0.6354862540951954,0.5666728806638757,-1.0712293497196521,0.8941784335940378,-1.3932610920384718,-0.4813033083478876,0.4772998248564163,-0.3325114958513945,-0.8841864109328067,1.388735909640353,-0.893608623697761,La Isla Bonita,Madonna,2
9,1.0078724307530897,-0.5277034712465466,-0.5190492725445737,-1.647577837128748,-1.3932610920384718,-0.3860650336274459,-0.2441021451195814,-0.3200878311313782,-0.7859429250744709,1.4125913852406957,0.13911773306094283,Like a Virgin,Madonna,2
10,0.6909480250867968,0.7894800421306686,1.4135809975682008,0.976702987838284,-1.3932610920384718,-0.4373471815538376,-0.6503653597902748,-0.2781717759467816,-0.7814773120809103,0.7565658062312703,-0.031294864227552247,Into the Groove,Madonna,2
11,1.3406430567026966,-0.23936479170128594,0.5853108818055832,-0.7885365248529271,0.7177405625652733,-0.17605242783365094,-0.8463778687377005,-0.24749684465259958,-0.9035374005715698,0.46632418642709994,0.02474616394945874,Holiday,Madonna,2
12,0.7384866859367407,0.9467556855189929,0.30922084321804394,0.07875724284731855,0.7177405625652733,-0.23710260393649835,-0.9475165265020986,-0.3103074182549723,1.807833955352045,-1.1359685913959214,-0.05601119513199013,Vogue,Madonna,2
13,0.49287027154536356,-0.6718728110191773,-1.0712293497196521,-1.1532164597989294,0.7177405625652733,-0.2712907025540928,0.30169539795436434,-0.21066152342977235,0.006703381282556098,-0.9530766117932938,-0.3678012051938715,Frozen,Madonna,0
14,1.4991052595358432,1.3006258831427229,0.03313080463050474,1.3386321043094784,-1.3932610920384718,-0.5301434492301655,0.6623963829423632,-0.3325511890854708,-0.9080030135651305,1.388735909640353,0.2500550330362319,Papa Don't Preach,Madonna,2
15,0.48494716140370625,-0.27868370254836705,-1.3473193883071914,-1.3646365082913319,0.7177405625652733,-0.18337844896599265,-0.8805495409997215,-0.3325911998654198,1.9864584750944738,-0.6787386423893521,-0.270757084905919,Like a Prayer,Madonna,2
16,1.665490572510647,-0.40319358689745644,-1.0712293497196521,0.1648185637020323,0.7177405625652733,3.1988013071317503,-0.720132523991901,-0.33205740525356137,2.492561281031355,0.9275300480337265,-0.9392948100853329,Popular (with Playboi Carti & Madonna),Madonna,2
17,0.22348452672901536,-1.2288907146861587,1.1374909589806617,-2.0751336229275092,0.7177405625652733,-0.5863096112447851,-0.17765722683231838,-0.33259913851223505,-0.5366128662673311,-0.11018314058118331,-1.1479006429187912,Crazy for You - Edit,Madonna,0
18,-0.5846727077200319,1.123690784330858,-0.5190492725445737,-0.4607961522829203,0.7177405625652733,-0.5570055267154184,-0.9602359822885175,3.592267846954534,-0.8179464848616561,0.3390949832252718,0.5260453890723163,Ray of Light,Madonna,1
19,0.1442534253124421,-0.10830175554434897,1.1374909589806617,0.017060314198048702,0.7177405625652733,-0.566773554891874,-0.4576750967572123,-0.33259913851223505,-0.5366128662673311,-0.4083765855854675,-1.1485250554890085,Crazy for You,Madonna,2
20,0.8177177873533139,0.684629613205119,-0.5190492725445737,-0.41324629007552105,-1.3932610920384718,-0.26640668846586507,-0.9489878068356022,-0.29093712002572697,1.9790157867718725,-1.2313904937972926,-0.05601119513199013,Vogue,Madonna,2
21,1.2614119552861243,0.514247666201101,-0.24295923395703448,0.8136187496889402,-1.3932610920384718,-0.36408697023042075,-0.02578312789000308,-0.3325261029615346,0.3639524207674135,1.2654826190385824,0.00034203933012882595,Lucky Star,Madonna,2
22,0.25517696729564465,0.8877773192483713,-1.3473193883071914,0.14163309370007768,0.7177405625652733,-0.498397357656685,-0.9547305462018586,4.773538493065892,-0.3654310348475035,-0.5276539635871814,0.3599516453944914,Sorry (with Madonna),Madonna,1
23,1.5862594710940736,-0.3835341314739159,-1.0712293497196521,0.1703202006516488,0.7177405625652733,2.563879475662138,-0.7728138520625165,-0.33207074218021104,1.7334070721260328,0.8996986598333266,-0.9406997383683221,Popular (with Playboi Carti & Madonna) - From The Idol Vol. 1 (Music from the HBO Original Series),Madonna,2
24,1.665490572510647,-0.40319358689745644,-1.0712293497196521,0.1648185637020323,0.7177405625652733,3.1988013071317503,-0.720132523991901,-0.33205740525356137,2.492561281031355,0.9275300480337265,-0.9392948100853329,Popular (with Playboi Carti & Madonna),Madonna,2
25,1.2693350654277815,0.6584170059737317,0.30922084321804394,0.005664066230986155,-1.3932610920384718,0.8788946152235511,0.553236874327574,-0.33259913851223505,0.28952553754140153,0.9354818732338408,0.15467601293552635,Me Against the Music (feat. Madonna) - LP Version / Video Mix,Madonna,2
26,0.77017912650337,-0.6980854182505646,1.4135809975682008,-2.1061785742860595,-1.3932610920384718,-0.5252594351419377,-0.5578170807473014,-0.20177023899667607,-0.786687193906731,1.0587351638356117,-0.04050494963825829,Into the Groove,Madonna,2
27,1.2217964045778376,1.1367970879465517,1.68967103615574,0.939763425462288,0.7177405625652733,-0.19558848418656213,0.13083703664425958,-0.33259913851223505,-0.9221441213780729,0.9990964748347548,0.045455847528335154,True Blue,Madonna,2
28,0.7305635757950834,0.43560984450693946,0.5853108818055832,-0.7378428701028896,0.7177405625652733,0.32455901620969724,-0.9584324773635775,0.22374123030150114,-0.2537907100084855,1.0189760378350405,0.1446854118120478,Music,Madonna,2
29,1.2931043958527535,0.19969637942445292,-0.7951393111321129,0.5754764645841153,0.7177405625652733,-0.5301434492301655,-0.582022015266233,-0.332357803649051,-0.43985791807351543,-0.961028436993408,0.1453618587631169,Borderline,Madonna,2
30,1.0395648713197192,-0.7832763917525737,-1.3473193883071914,-2.3682922775284987,0.7177405625652733,-0.52037542105371,0.20202802052346983,-0.33255614280108353,-0.9154457018877317,1.4523505112412671,1.0176141849759524,Material Girl,Madonna,0
31,0.06502232389586884,-1.4058258134980235,-0.7951393111321129,-0.040313899705093914,-1.3932610920384718,-0.6693378507446575,0.2827111355865749,-0.3256131293148023,-0.499399424654325,-1.5097043758012914,-0.37102733680666117,Live to Tell,Madonna,0
32,0.48494716140370625,1.1499033915622452,-0.7951393111321129,0.6980843737469953,0.7177405625652733,0.45642739659184756,-0.9374074067912507,-0.3228187256358292,-0.8469729693198008,0.7486139810311562,-0.21029313435653596,4 Minutes (feat. Justin Timberlake and Timbaland),Madonna,2
33,0.13633031517078478,-0.6980854182505646,0.03313080463050474,-2.2437194980264694,0.7177405625652733,-0.35187693500985123,1.0942883518095723,-0.33211710387761223,-0.015624683685247503,-1.1558481543962071,-0.26737485015057494,Like a Prayer,Madonna,0
34,0.5087164918286783,0.6322043987423442,-1.0712293497196521,0.7519218210396703,-1.3932610920384718,-0.4080430970244709,0.8949535969477834,-0.3325906282828491,-0.8782322602747258,1.4046395600405814,-0.8909548702743376,La Isla Bonita,Madonna,2
35,-0.6005189280033466,-2.421564343714284,0.8614009203931224,-0.866345390283216,0.7177405625652733,-0.6644538366564297,1.0136052367464672,-0.33257760890207205,-0.8015725705519334,-1.2075350181969497,-1.9301334902586207,Take a Bow,Madonna,0
36,-0.3390562933286548,-0.7767232399447268,-1.0712293497196521,-1.6770508922159784,0.7177405625652733,-0.4300211604214959,2.1716452411816216,-0.23860556021950335,-0.1868065151050749,-1.211510930797007,-0.47145369184995695,Frozen,Madonna,0
37,0.18386897602072874,1.2744132759113354,0.5853108818055832,0.8112609052819616,0.7177405625652733,0.19024862878343313,-0.9142466067025476,-0.33259913851223505,0.014146069605157298,1.1064461150362972,-0.07812580699385571,Express Yourself,Madonna,2
38,0.09671476446249815,1.071265569868083,0.03313080463050474,0.6328506784872578,0.7177405625652733,0.09501035406299124,-0.8416318031457531,-0.33259913851223505,-0.599131448177181,0.9911446496346406,-0.19957405190113733,Open Your Heart,Madonna,2
39,-0.14890164992887897,-0.5866818375171682,1.1374909589806617,-2.7282565236605443,-1.3932610920384718,-0.3445509138775097,0.05015392158115451,0.0059047616906432576,-0.9050259382360901,0.8400599708324696,-0.6858353409579262,Who's That Girl,Madonna,0
40,1.3010275059944107,-0.5277034712465466,1.68967103615574,-0.2713826515889835,-1.3932610920384718,2.0998981372804986,-0.7884758685159428,-0.33259913851223505,0.2523120959283955,-0.21753278078272534,-0.05434609494474395,Levitating (feat. Madonna and Missy Elliott) [The Blessed Madonna Remix],Madonna,2
41,2.204262062143345,-0.8619142134467358,-0.7951393111321129,-0.15859909412184697,0.7177405625652733,0.6566719742091868,-0.7310484748533799,-0.33259913851223505,-0.9891283162814835,0.589577477028871,-0.15987181931148164,Back That Up To The Beat - demo version,Madonna,2
42,1.6575674623689896,0.3962909336598584,1.68967103615574,0.4253603706731528,-1.3932610920384718,-0.3201308434363707,-0.7082673600120325,-0.32116748709825416,-0.1719211384598725,1.3171694828393248,-0.07531595042787737,Holiday,Madonna,2
43,0.6196400338118808,-0.6915322664427178,-0.5190492725445737,0.34008499795409847,-1.3932610920384718,1.9289576441925258,-0.7353199338861325,-0.3307319687812848,0.0364741345729609,-0.38054519738506765,1.714510647719406,Bitch I'm Madonna,Madonna,2
44,-0.4341336150285427,0.9270962300954524,-1.3473193883071914,0.16521153776986217,-1.3932610920384718,-0.1711684137454232,-0.9597613757293229,-0.25003721163348425,-0.0379527486530509,-0.6827145549894093,0.8272203854405017,Sorry,Madonna,2
45,0.286869407862274,-0.639107051979943,-1.0712293497196521,0.12787900132603658,0.7177405625652733,-0.4007170758921292,-0.7984426062590322,-0.33259913851223505,-0.2761187749762891,-1.529583938801577,-0.36785323957472243,Frozen (feat. 070 Shake),Madonna,2
46,0.9603337699031458,0.21280268304014663,-1.0712293497196521,0.1707131747194787,0.7177405625652733,1.294035812722913,-0.789899688193527,-0.33068116144166715,-0.8767437226102055,-0.674762729789295,0.15165801884614197,BREAK MY SOUL - THE QUEENS REMIX,Madonna,2
47,0.4374085005537623,-0.7701700881368799,0.5853108818055832,-0.2705967034533241,0.7177405625652733,0.15606053016583865,-0.727251622379822,-0.3267245398689393,-0.6155053624869037,0.2556008186240726,-0.8902263889424169,Don't Tell Me,Madonna,2
48,-0.11720920936224967,0.6780764613972722,1.1374909589806617,-0.16174288666448491,0.7177405625652733,0.9008726786205761,-0.9569611970300739,0.21294467063274147,0.572347693800247,-0.6588590793890664,0.09915532856703012,Jump,Madonna,2
49,-1.392829942169078,-1.255103321917546,0.03313080463050474,-1.9352348547801204,-1.3932610920384718,-0.18337844896599265,-0.7799329504504375,4.373430693576561,0.006703381282556098,-1.5693430648021482,-1.6695973453354171,The Power of Good-Bye,Madonna,0
50,-1.4245223827357072,0.3897377818520115,-1.0712293497196521,-1.0286436802969003,0.7177405625652733,0.9668068688116513,-0.7315230814125745,-0.3171028999288388,1.6738655655452237,-0.010785325579755081,2.1655446609397644,"Paint It, Black",The rolling stones,1
51,1.110872862594635,0.9402025337111461,-1.0712293497196521,1.0953811563228666,-1.3932610920384718,-0.542353484450735,0.8854614657638887,-0.3272135605127596,-0.9787085526298419,1.1064461150362972,-0.8560398007230152,Beast Of Burden - Remastered 1994,The rolling stones,2
52,-0.07759365865396303,-0.6915322664427178,-1.0712293497196521,-0.6395993531454536,-1.3932610920384718,-0.5374694703625073,1.1559872045048878,-0.08491335787598263,-0.030510060330449697,-0.4998225753867815,0.08089126088817164,Gimme Shelter,The rolling stones,0
53,-0.10136298907893501,1.2875195795270291,0.03313080463050474,0.9853484173305381,0.7177405625652733,-0.4300211604214959,-0.7618979012010376,0.5374765524407543,-0.6125282871578631,1.4165672978407529,0.2787780112662312,Start Me Up - Remastered 2009,The rolling stones,1
54,0.6275631439535381,0.8353521047855965,-0.7951393111321129,-0.48751838889534277,0.7177405625652733,-0.4690932731273183,-0.7837298029239954,-0.13127505527712732,-0.3431029698796999,1.257530793838468,1.0005469080566771,(I Can't Get No) Satisfaction - Mono Version,The rolling stones,1
55,0.4691009411203916,-0.44251249774453755,1.1374909589806617,-1.0168544582620083,0.7177405625652733,4.077923843012752,1.4834657303492553,-0.33259913851223505,-0.8581370018037026,-0.21355686818266822,-0.05382575113622919,Sympathy For The Devil - 50th Anniversary Edition,The rolling stones,0
56,1.1980270741528656,-0.16728012181497062,1.1374909589806617,0.7479920803613727,-1.3932610920384718,-0.337224892745168,1.1370029421370984,-0.19605441328968565,1.2645177078021577,0.9156023102335551,-0.3842440695429294,Miss You - Remastered,The rolling stones,2
57,-0.7589811308364922,0.2783342011186151,0.5853108818055832,0.11098111640935751,0.7177405625652733,0.05105422726894125,0.3586481850577326,-0.17573147744260853,-0.935540960358755,1.4086154726406386,0.17153515233139566,Honky Tonk Women,The rolling stones,1
58,-1.6780619072687417,-2.270841852133807,0.5853108818055832,0.05203500623489575,0.7177405625652733,-0.6717798577887715,2.295042946572253,-0.2633741382831286,-0.7092832353516787,-1.8158496460056899,1.164975551547255,Wild Horses - 2009 Mix,The rolling stones,0
59,-2.5654502431343613,-0.7570637845211863,-1.3473193883071914,-1.1932998147175633,0.7177405625652733,0.15606053016583865,2.071977863750727,-0.33219522016227443,0.5872330704454494,-0.5674130895877527,-1.5998712749944757,You Can't Always Get What You Want,The rolling stones,0
60,-0.08551676879562035,1.3006258831427229,-1.3473193883071914,1.2006982065012382,0.7177405625652733,-0.4544412308626348,0.07388424954089129,-0.3312654458472706,-0.8551599264746621,1.384759997040296,0.599882175500522,Brown Sugar - Remastered 2009,The rolling stones,1
61,-1.7018312376937137,-1.1895718038390775,1.1374909589806617,0.2049019186206663,-1.3932610920384718,-0.5838676042006712,2.2143598315091477,-0.3316337990594989,-0.5142848012995275,-0.8258474085914659,1.0005469080566771,Angie - Remastered 2009,The rolling stones,0
62,0.698871135228454,-1.5827609123098885,0.30922084321804394,-2.7200040682361193,-1.3932610920384718,-0.3030367941275735,0.4535694968966795,0.969338939191143,-0.611784018325603,0.7327103306309276,0.5157946160445808,Under My Thumb,The rolling stones,0
63,-0.7748273511198068,0.14071801315383128,-1.3473193883071914,0.5585785796674362,0.7177405625652733,-0.32989887161282627,0.970890646418941,-0.04109202745572257,-0.1049369435564617,0.3788541092258431,1.828570010545782,Can't You Hear Me Knocking - 2009 Mix,The rolling stones,1
64,0.6592555845201674,-0.3573215242425285,1.1374909589806617,-1.6872682179795517,0.7177405625652733,4.1023439134538915,1.9295958959923063,-0.33259913851223505,-0.879720797939246,-0.14596635398169747,-0.05908122360222547,Sympathy For The Devil,The rolling stones,0
65,-0.2202096412037949,1.1433502397543984,1.68967103615574,0.9436931661405853,0.7177405625652733,-0.4471152097302931,1.4075286808780976,2.8682632574024116,0.7956283434782829,0.6174088652292709,-0.31514241177220526,Tumbling Dice,The rolling stones,1
66,-0.4103642846035707,1.1499033915622452,-0.5190492725445737,0.0033062218240076007,0.7177405625652733,0.0022140863866633317,-0.580123589029454,3.6938825261899195,-0.5604294688996548,0.18801030442310138,1.0499795698655543,Jumpin' Jack Flash,The rolling stones,1
67,-0.949135774236268,-1.1961249556469244,-1.3473193883071914,-1.6181047820415166,0.7177405625652733,-0.5814255971565573,2.9784763918126713,-0.33259913851223505,-0.0007393070400451027,-0.3884970225851819,-0.6501917900746836,Ruby Tuesday,The rolling stones,0
68,-0.25982519191208153,0.3831846300441647,-1.3473193883071914,0.23869768845402445,0.7177405625652733,-0.6034036605535824,-0.22986394834373933,-0.10079065150651165,2.931679892064825,1.1541570662369829,-0.004809364374164799,Waiting On A Friend - Remastered 2009,The rolling stones,1
69,-0.8223660119697508,0.8353521047855965,-0.7951393111321129,0.8057592683323451,0.7177405625652733,-0.6009616535094684,0.6006975302470475,-0.3324867272733309,-0.1347076968468665,1.257530793838468,0.6910464107522608,Dead Flowers - 2009 Mix,The rolling stones,1
70,-1.4245223827357072,0.5797791842795694,1.4135809975682008,-0.2788491588777487,0.7177405625652733,-0.38118101953921796,1.250908516343835,-0.21828262437242624,1.1603200712857413,-0.30102694538392505,-0.40458951245584546,She's A Rainbow,The rolling stones,0
71,-1.2977526204691905,0.5732260324717225,1.4135809975682008,-0.26548804057153746,0.7177405625652733,-0.4153691181568126,1.2556545819357823,-0.15794890857641602,-0.2612333983310867,-0.2970510327838679,-0.4118743257750483,She's A Rainbow,The rolling stones,0
72,-1.0996748669277572,0.6518638541658848,0.03313080463050474,-0.28867351057349244,-1.3932610920384718,1.1450733830319657,-0.9166196394985213,0.1392740281870869,0.8998259799946994,0.589577477028871,2.2167985260784406,"Paint It, Black - Mono",The rolling stones,1
73,-1.6542925768437697,-2.8868381220714103,0.5853108818055832,-1.227488558618751,0.7177405625652733,-0.6498017943917463,2.7079506530716726,-0.17573147744260853,-0.723424343164621,-1.847656946806147,1.2602505028862587,Wild Horses,The rolling stones,0
74,-1.3215219508941625,0.02931443242043485,1.1374909589806617,0.4921659622042093,0.7177405625652733,-0.20535651236301766,1.4217668776539396,-0.33259043775532554,0.6616599536714614,-0.22150869338278248,-0.5041833174055185,Sweet Virginia,The rolling stones,0
75,-0.6639038091366043,-0.09519545192865528,0.5853108818055832,-0.007697052075225071,0.7177405625652733,0.24153077670982484,0.10236064309257543,-0.11730303688226179,-0.9586132941588186,1.3966877348404674,0.11507784910757331,Honky Tonk Women,The rolling stones,1
76,-0.2202096412037949,1.4513483747231997,1.1374909589806617,1.054511853268573,0.7177405625652733,-0.05395207562795631,1.412274746470045,-0.25956358781180167,1.071007811414527,0.6492161660297279,0.5954592531281484,It's Only Rock'n'Roll (But I Like It) - Remastered 2009,The rolling stones,1
77,-0.6480575888532897,0.28488735292646195,0.5853108818055832,-0.02184411851709605,0.7177405625652733,0.15117651607761087,0.7573176947813101,-0.14715234890765633,-0.8045496458809739,1.4006636474405243,0.13157274783748296,Honky Tonk Women - Mono Version,The rolling stones,1
78,0.21556141658735803,-0.06898284469726788,-0.7951393111321129,-1.3422369864250363,0.7177405625652733,0.2928129246362167,0.43933130012083743,-0.3312019366727485,-0.6341120832934065,1.356928608839896,-1.6548716155544572,Route 66,The rolling stones,2
79,-0.6005189280033466,-0.3835341314739159,1.1374909589806617,-1.6915909327256793,0.7177405625652733,5.1035668015405875,1.7967060594177804,-0.33259913851223505,-0.9682887889782004,-0.022713063379926467,-0.13421886955171766,Sympathy For The Devil,The rolling stones,0
80,-0.48167227587848666,0.7829268903228217,-1.3473193883071914,-0.2214749449746061,0.7177405625652733,-0.4813033083478876,-0.4814054247169491,-0.22272826658897438,0.6542172653488602,0.3231913328250433,0.5779757011620624,Street Fighting Man - 50th Anniversary Edition,The rolling stones,1
81,-1.6226001362771403,0.59943863970311,-1.3473193883071914,0.8081171127393237,0.7177405625652733,-0.47641929425965984,-0.6589082778557801,2.0426439886149037,-0.667604180745112,-0.2970510327838679,-0.30057278513379954,Doo Doo Doo Doo Doo (Heartbreaker),The rolling stones,1
82,-0.5133647164451159,0.9270962300954524,-0.24295923395703448,-0.8569140126553024,0.7177405625652733,-0.10279221651023406,-0.8283428194883005,3.2937747267005886,-0.8075267212100143,1.1342775032366972,0.4819722684911388,Get Off Of My Cloud - Mono Version,The rolling stones,1
83,0.8890257786282298,0.7042890686286596,-1.3473193883071914,0.5243898357662482,0.7177405625652733,-0.13209630103960077,0.9329221216833623,-0.2665495970092344,-0.8090152588745346,0.8996986598333266,1.1674732018281246,She's So Cold - Remastered 2009,The rolling stones,1
84,-0.5212878265867733,-2.008715779819933,-0.7951393111321129,-1.1598970189520355,0.7177405625652733,-0.6400337662152907,-0.12070443972895023,-0.33221744837335715,-0.0230673720078485,-2.0905852066696373,-0.43372876573265684,Play With Fire - Mono Version,The rolling stones,0
85,-0.7035193598448909,1.0647124180602363,-0.24295923395703448,1.2502129390477859,0.7177405625652733,-0.5789835901124434,0.7715558915571522,5.630912349114458,2.6935138657415876,1.3927118222404102,0.7618131687102303,Happy,The rolling stones,1
86,-0.38659495417859874,0.9795214445582272,-0.5190492725445737,-0.4081376271937344,0.7177405625652733,-0.02953200518681735,-0.612396835054696,3.05879078096876,-0.667604180745112,0.11246796502201592,1.0495112604378904,Jumpin' Jack Flash,The rolling stones,1
87,-1.8048316695352589,-1.5434420014628074,0.5853108818055832,0.07482750216902119,0.7177405625652733,-0.6498017943917463,1.7634836002741487,0.23009214775371276,-0.5366128662673311,-1.4858489002009487,0.6842819412415712,Moonlight Mile - 2009 Mix,The rolling stones,0
88,-1.1709828582026731,0.8091394975542091,0.03313080463050474,-0.5020584294050433,-1.3932610920384718,0.9863429251645625,-0.9014322296042897,0.080210495881519,1.3017311494151638,0.6094570400291566,2.217735144933767,"Paint It, Black - (Original Single Mono Version)",The rolling stones,1
89,-1.3690606117441064,0.7042890686286596,0.5853108818055832,0.3723088715161374,0.7177405625652733,-0.2932687659511178,2.04824753579099,-0.07729225693332871,4.45743099819807,0.0687329264213875,2.0616320023794206,Loving Cup,The rolling stones,1
90,-0.489595386020144,-1.2485501701096993,-0.24295923395703448,-1.975711183766584,-1.3932610920384718,-0.566773554891874,-0.884821000032474,-0.3325734172965536,0.4086085507030207,0.42258914782647156,-0.8004150475928163,Mother's Little Helper,The rolling stones,0
91,-0.6797500294199189,-0.33766206881898797,-1.3473193883071914,-0.6274171570427319,0.7177405625652733,-0.5911936253330129,1.089542286217625,-0.31399095037725505,0.3862804857352171,1.003072387434812,-0.04378311563189969,Let It Bleed,The rolling stones,1
92,0.08879165432084082,1.5430925000330555,0.5853108818055832,1.2341010022667664,0.7177405625652733,-0.41292711111269864,0.25423474203489077,1.4520086655592248,-0.0677235019434557,1.4284950356409243,0.9808258777139784,Bitch - 2009 Mix,The rolling stones,1
93,-0.030054997804019074,0.9074367746719119,-1.3473193883071914,0.3448006867680552,0.7177405625652733,-0.52037542105371,-0.1871493580162131,-0.3317036591514732,-0.7189587301710603,1.3927118222404102,0.5891110586642725,Brown Sugar,The rolling stones,1
94,0.746409796078398,1.4185826156839654,-0.24295923395703448,1.5315823716138828,0.7177405625652733,2.2952587008096095,1.0136052367464672,-0.33247212016319083,-0.43241522975091423,0.5617460888284711,1.2136276976433598,Shattered - Remastered,The rolling stones,1
95,-1.115521087211072,0.815692649362056,0.03313080463050474,-0.49498489618410796,-1.3932610920384718,0.9643648617675374,-0.8966861640123424,0.8804260948601806,1.4282568508993843,0.5060833124276712,2.213416291323097,"Paint It, Black",The rolling stones,1
96,-1.8840627709518316,0.21280268304014663,0.30922084321804394,-1.0498642799597067,0.7177405625652733,-0.38118101953921796,1.440751140021729,-0.032200743022626335,-0.6817452885580543,-0.25729190678329666,-0.8959501708360762,Monkey Man,The rolling stones,0
97,-0.6480575888532897,0.3766314782363178,0.5853108818055832,-0.44193339702709256,0.7177405625652733,-0.009995948833906148,2.380472127227305,-0.33259913851223505,0.3565097324448123,-0.1777736547821545,1.2365748595988488,Let's Spend The Night Together,The rolling stones,0
98,0.16009964559575676,-0.855361061638889,0.03313080463050474,0.3797753788049026,0.7177405625652733,-0.6498017943917463,1.426512943245887,-0.23860556021950335,0.5351342521872409,0.3311431580251576,-1.183700296944588,Far Away Eyes - Remastered,The rolling stones,0
99,0.2710231875789593,-0.7505106327133394,0.03313080463050474,0.4603350627100002,0.7177405625652733,0.22687873444514156,-0.43869083438942286,0.28534512958795366,-1.0025251552621657,0.6412643408296136,-0.19171686039256877,Emotional Rescue - Remastered 2009,The rolling stones,2
100,0.35817739913718905,-0.27213055074052017,0.30922084321804394,0.3220081908339301,-1.3932610920384718,-0.635149752127063,0.25423474203489077,-0.33259913851223505,-0.1942492034276761,-0.5276539635871814,-0.9384102256108585,I Want It That Way,Backstreet boys,2
101,1.0395648713197192,0.5339071216246415,-1.3473193883071914,0.43832851491153446,0.7177405625652733,-0.6058456675976963,-0.18240329242426576,-0.33259913851223505,-0.3579883465249023,0.5498183510282997,-0.9810263835281953,As Long as You Love Me,Backstreet boys,2
102,1.1742577437278936,0.4880350589697143,1.4135809975682008,0.5703678017023283,-1.3932610920384718,-0.39583306180390143,-0.9366005756406196,-0.3316274481420467,0.3713951090900147,-0.42030432338563894,-0.4693202822350477,Everybody (Backstreet's Back) - Extended Version,Backstreet boys,2
103,1.2376426248611523,0.9139899264797587,1.68967103615574,0.6670394223884455,-1.3932610920384718,-0.4690932731273183,-0.6736210811908169,-0.3325814194525434,-0.3282175932344975,1.0627110764356689,-0.8866880510445184,Quit Playing Games (With My Heart),Backstreet boys,2
104,0.722640465653426,0.900883622864065,1.4135809975682008,1.2403885873520424,-1.3932610920384718,-0.312804822304029,-0.8468524752968952,-0.3325783710121663,0.6765453303166638,-0.11415905318124044,-0.4710374168031456,Everybody (Backstreet's Back) - Radio Edit,Backstreet boys,2
105,0.13633031517078478,1.556198803648749,-1.3473193883071914,1.4364826471990846,-1.3932610920384718,-0.3909490477156736,-0.4434368999813702,-0.3324886325485666,3.296371619872284,0.5378906132281283,-0.4702048667095221,Larger Than Life,Backstreet boys,2
106,0.6909480250867968,0.7436079794757406,1.4135809975682008,0.9008589927471432,-1.3932610920384718,-0.37873901249510417,-0.754304196253922,-0.33259913851223505,-0.008181995362646303,0.0965643146217874,-0.47030893547122554,Everybody (Backstreet's Back) - Radio Edit,Backstreet boys,2
107,-0.5450571570117453,0.3307594155813899,1.1374909589806617,0.9024308890184624,0.7177405625652733,-0.5716575689801017,0.23050441407515396,-0.33259913851223505,-0.1123796318790629,-0.3845211099851248,-1.0912352021715634,Shape of My Heart,Backstreet boys,2
108,-1.5988308058521683,0.5339071216246415,0.5853108818055832,1.1476467073442227,0.7177405625652733,-0.04174204040738683,0.5152683495919952,-0.33259913851223505,1.4877983574801938,0.15222709102258722,2.6559166660838183,"God, Your Mama, And Me",Backstreet boys,1
109,0.35817739913718905,-0.2197053362777454,0.30922084321804394,0.3958873155859219,-1.3932610920384718,-0.6571278155240879,0.05964605276504922,-0.33259913851223505,-0.1123796318790629,-0.5197021383870671,-0.9388265006576699,I Want It That Way,Backstreet boys,2
110,-0.10928609922059233,-0.724298025481952,0.30922084321804394,0.6135949491636002,-1.3932610920384718,-0.6791058789211131,0.13083703664425958,-0.33259913851223505,-0.7264014184936615,0.2715044690243011,2.649828643524198,Show Me the Meaning of Being Lonely,Backstreet boys,1
111,0.6909480250867968,-1.0585087676821414,-1.0712293497196521,-0.18257051225946133,0.7177405625652733,-0.5863096112447851,-0.6579590647373906,-0.33259913851223505,-0.7933856133970721,-0.8815101849922654,-1.0968028809226684,All I Have to Give,Backstreet boys,2
112,-0.9887513249445546,-0.9602114905644386,0.5853108818055832,0.25323772896372493,-1.3932610920384718,-0.5863096112447851,-0.5454773102082383,-0.33259913851223505,-0.1570357618146701,-1.088257640195236,2.3373101521303963,I'll Never Break Your Heart,Backstreet boys,0
113,0.4136391701287903,0.9074367746719119,1.4135809975682008,1.3091590492222476,-1.3932610920384718,0.5907377840181118,-0.4102144408377387,-0.33259913851223505,1.1677627596083426,0.5259628754279569,-0.6700689235599373,The Call,Backstreet boys,2
114,0.9048719989115446,0.9139899264797587,-0.5190492725445737,0.8375901678265546,-1.3932610920384718,-0.4080430970244709,-0.5616139332208593,-0.33259913851223505,0.3937231740578183,1.1740366292372686,-0.2137274034927317,We've Got It Goin' On - Radio Edit,Backstreet boys,2
115,-1.638446356560455,-0.9602114905644386,-0.24295923395703448,0.7134103623923554,0.7177405625652733,-0.4861873224361155,0.13083703664425958,-0.33259913851223505,-0.7241686119968811,-1.78801825780529,0.8615630768024578,Incomplete,Backstreet boys,0
116,-0.6005189280033466,0.3045468083500025,0.30922084321804394,0.26777776947342546,0.7177405625652733,-0.32745686456871226,-0.5862934742989856,-0.33259913851223505,-0.5626622753964351,-0.5316298761872386,1.2940208160588489,Drowning,Backstreet boys,1
117,0.15217653545409943,1.3006258831427229,0.03313080463050474,0.95194562156501,-1.3932610920384718,-0.4446732026861793,-0.6589082778557801,-0.33259913851223505,-0.0751661902660569,0.02499788782075908,-0.3664483112917333,The One,Backstreet boys,2
118,1.0474879814613764,1.3661574012211906,0.8614009203931224,0.7055508810357605,-1.3932610920384718,-0.30792080821580126,-0.6166682940874486,-0.33259913851223505,-0.6512302664353894,0.5657220014285282,-0.21154195949697077,Get Down (You're the One for Me) - LP Edit No Rap,Backstreet boys,2
119,-0.5054416063034587,-0.04277023746588049,-0.24295923395703448,-0.02184411851709605,-1.3932610920384718,-0.5936356323771268,-0.9170942460577162,-0.33259913851223505,-0.6966306652032567,-0.5236780509871243,-1.9259187054096532,More Than That,Backstreet boys,2
120,1.0157955408947472,1.0843718734837768,-1.3473193883071914,1.2109155322648115,0.7177405625652733,-0.32989887161282627,-0.5573424741881067,-0.33259913851223505,-0.7293784938227019,0.9036745724333837,-0.05366964799367484,It's Gotta Be You,Backstreet boys,2
121,-0.006285667379047096,-0.21315218446989856,-1.3473193883071914,0.42300252626617424,0.7177405625652733,0.9350607772381708,-0.8620398851911268,-0.33259913851223505,-0.5782919208738977,-1.465969337200663,-1.146443680254951,Don't Go Breaking My Heart,Backstreet boys,2
122,0.5721013729619369,-1.3271879918038614,-0.5190492725445737,0.47526807728753023,0.7177405625652733,-0.6082876746418101,-0.2725785386712655,-0.33259913851223505,-0.6162496313191637,-0.42030432338563894,-1.304836335566761,No Place,Backstreet boys,2
123,0.5166396019703355,-1.1830186520312307,-0.7951393111321129,1.2352799244702557,0.7177405625652733,-0.4446732026861793,-0.9642274234513453,-0.33259913851223505,-0.6973749340355168,0.09258840202173027,-0.5761989005039236,Just Want You to Know,Backstreet boys,2
124,0.13633031517078478,-1.2288907146861587,0.30922084321804394,-0.7009033077268939,0.7177405625652733,-0.7230620057151631,0.7668098259652049,-0.33259913851223505,-0.4696286713639202,-0.30897877058403933,-1.2526458515727579,Don't Wanna Lose You Now,Backstreet boys,0
125,0.6275631439535381,0.7370548276678938,1.4135809975682008,0.8407339603691926,-1.3932610920384718,-0.4007170758921292,-0.7675931799113743,-0.33259913851223505,0.17788521270238372,-0.16982182958204026,-0.47108945118399725,Everybody (Backstreet's Back) - Radio Edit,Backstreet boys,2
126,0.746409796078398,0.09484595049890333,-0.7951393111321129,0.6348155488264066,-1.3932610920384718,2.002217855515943,-0.8122061964756796,-0.33259913851223505,-0.5366128662673311,0.7406621558310419,-1.0907148583630495,Get Another Boyfriend,Backstreet boys,2
127,-0.13305542964556433,-0.9995304014115197,0.03313080463050474,-0.03834902936594523,-1.3932610920384718,-0.4007170758921292,0.5864593334712055,-0.33259913851223505,-0.0900515669112593,-1.2552459693976354,0.6555589630115719,Anywhere for You,Backstreet boys,0
128,0.6830249149451394,-0.639107051979943,0.30922084321804394,0.5224249654270996,-1.3932610920384718,-0.47397728721554605,-0.49137216246003845,-0.33259913851223505,-0.3207749049118963,1.1064461150362972,-0.7297523583965486,Don't Want You Back,Backstreet boys,2
129,-0.006285667379047096,-0.21315218446989856,-1.3473193883071914,0.42300252626617424,0.7177405625652733,0.9350607772381708,-0.8620398851911268,-0.33259913851223505,-0.5782919208738977,-1.465969337200663,-1.146443680254951,Don't Go Breaking My Heart,Backstreet boys,2
130,1.1742577437278936,0.5470134252403351,1.4135809975682008,0.6745059296772107,-1.3932610920384718,-0.3982750688480152,-0.938736305156996,-0.33156393896752456,0.006703381282556098,-0.39644884778529615,-0.469216213473345,Everybody (Backstreet's Back) - Extended Version,Backstreet boys,2
131,0.38986983970381833,-0.45561880136023125,1.4135809975682008,0.11884059776595222,-1.3932610920384718,-0.2639646814217511,-0.9464249314159507,-0.33259913851223505,-0.5663836195577358,0.14427526582247296,-1.3038997167114348,Hey Mr. DJ (Keep Playin' This Song),Backstreet boys,2
132,-1.9316014318017756,0.12105855773029073,0.5853108818055832,1.080841115813166,0.7177405625652733,-0.4446732026861793,-0.8772272950853582,-0.33259913851223505,1.0561224347693245,-1.52560802620152,2.235270731280706,Inconsolable,Backstreet boys,1
133,-0.07759365865396303,0.6584170059737317,-1.3473193883071914,0.8049733201966858,-1.3932610920384718,-0.588751618288899,-0.7775599176544639,-0.33259913851223505,-0.4547432947187178,-0.11018314058118331,0.3607321611072632,Straight Through My Heart,Backstreet boys,2
134,-0.8144429018280935,0.14727116496167814,0.03313080463050474,1.1881230363306863,0.7177405625652733,-0.6229397169064935,-0.9595240724497254,-0.33259913851223505,-0.7278899561581816,-1.724403656204376,-0.7331345931518934,I Still...,Backstreet boys,2
135,0.13633031517078478,0.14727116496167814,0.5853108818055832,0.5306774208515241,0.7177405625652733,0.8251704602530455,-0.5872426874173751,-0.33259913851223505,-0.5068421129769263,-0.9053656605926083,-0.15492855313059406,Let It Be Me,Backstreet boys,2
136,-1.567138365285539,-1.7531428593139062,1.68967103615574,-1.2553897174346629,0.7177405625652733,-0.5057233787890265,0.14982129901204888,-0.33259913851223505,-0.5790361897061578,-1.557415327001977,2.7531168895143243,I Need You Tonight,Backstreet boys,0
137,-1.115521087211072,0.153824316769525,-0.24295923395703448,0.9924219505514739,0.7177405625652733,-0.48374531539200155,-0.8359365244354163,-0.33259913851223505,-0.462185983041319,-1.4222342986000345,1.2949054005333234,Crawling Back to You,Backstreet boys,1
138,2.481570917101351,-1.4975699388078794,-1.3473193883071914,0.17424994132994617,0.7177405625652733,0.021750142739574534,-0.7514565568987535,-0.33259913851223505,-0.8916290992554079,0.8042767574319555,0.36031588606045184,Matches,Backstreet boys,2
139,0.041252993470896865,-2.008715779819933,-0.7951393111321129,-0.30675031769366046,0.7177405625652733,-0.7108519704945937,0.13083703664425958,-0.33259913851223505,-0.0751661902660569,-1.4778970750008344,-1.304107854234841,Back to Your Heart,Backstreet boys,0
140,0.8969488887698872,0.8746710156326776,1.1374909589806617,0.461906958981319,-1.3932610920384718,0.09501035406299124,-0.2725785386712655,-0.33259913851223505,-0.5916887598545798,0.8559636212326982,-0.16476305111151826,If You Want It To Be Good Girl (Get Yourself a Bad Boy),Backstreet boys,2
141,-0.7272886902698629,0.12761170953813758,1.68967103615574,0.1549942120062889,0.7177405625652733,0.36363112891551963,-0.8810241475589161,-0.33259913851223505,2.172525683159504,-1.2671737071978069,-0.3781560469833097,Chances,Backstreet boys,2
142,-1.757293008685315,-2.224969789478879,1.1374909589806617,-0.9425823594421866,0.7177405625652733,-0.5472374985389629,1.7824678626419383,-0.33259913851223505,-0.4026444764605095,-1.1757277173964928,1.2501037986202266,The Perfect Fan,Backstreet boys,0
143,-1.987063202793377,0.7436079794757406,1.68967103615574,0.9963516912297712,0.7177405625652733,-0.17361042078953698,-0.9455231789534807,-0.33259913851223505,-0.0900515669112593,-1.5613912396020342,-2.2398421250864438,Helpless When She Smiles - Radio Version,Backstreet boys,2
144,-2.2168333969014395,-3.791173071554274,0.03313080463050474,-3.1872502348856853,-1.3932610920384718,-0.5277014421860518,3.2727324585134077,-0.33259913851223505,-0.21657726839547972,-1.501752550601177,-2.056004657538275,How Did I Fall in Love with You,Backstreet boys,0
145,-0.9095202235279815,0.08173964688320964,-1.3473193883071914,0.2127613999772614,0.7177405625652733,-0.6473597873476324,-0.8582430327175689,-0.33259913851223505,0.6765453303166638,-1.2592218819976926,-0.6027364347381627,Bigger,Backstreet boys,2
146,0.6117169236702235,-2.1463319677847172,-1.3473193883071914,-1.7088817917101875,0.7177405625652733,-0.6229397169064935,-0.4197065720216334,-0.33259913851223505,-0.2761187749762891,-1.7641627822049473,-0.20561004007990538,No One Else Comes Close,Backstreet boys,0
147,0.6909480250867968,0.7436079794757406,1.4135809975682008,0.9008589927471432,-1.3932610920384718,-0.37873901249510417,-0.754304196253922,-0.33259913851223505,-0.008181995362646303,0.0965643146217874,-0.47030893547122554,Everybody (Backstreet's Back) - Radio Edit,Backstreet boys,2
148,-0.3073638527620255,0.8025863457463622,0.5853108818055832,1.0482242681832974,0.7177405625652733,-0.5545635196713045,-0.9328511838229813,-0.33259913851223505,1.2645177078021577,-0.23343643118295387,0.4149519859544729,In a World Like This,Backstreet boys,1
149,-0.7272886902698629,0.12761170953813758,1.68967103615574,0.1549942120062889,0.7177405625652733,0.36363112891551963,-0.8810241475589161,-0.33259913851223505,2.172525683159504,-1.2671737071978069,-0.3781560469833097,Chances,Backstreet boys,2
